IDEX,https://www.marketwatch.com/investing/stock/idex
GEVO,https://www.marketwatch.com/investing/stock/gevo
KXIN,https://www.marketwatch.com/investing/stock/kxin
FCEL,https://www.marketwatch.com/investing/stock/fcel
CIIC,https://www.marketwatch.com/investing/stock/ciic
GSM,https://www.marketwatch.com/investing/stock/gsm
BLNK,https://www.marketwatch.com/investing/stock/blnk
MARA,https://www.marketwatch.com/investing/stock/mara
CAAS,https://www.marketwatch.com/investing/stock/caas
BEEM,https://www.marketwatch.com/investing/stock/beem
XPEV,https://www.marketwatch.com/investing/stock/xpev
AYRO,https://www.marketwatch.com/investing/stock/ayro
RIG,https://www.marketwatch.com/investing/stock/rig
GP,https://www.marketwatch.com/investing/stock/gp
CLNE,https://www.marketwatch.com/investing/stock/clne
IDT,https://www.marketwatch.com/investing/stock/idt
CPE,https://www.marketwatch.com/investing/stock/cpe
KNDI,https://www.marketwatch.com/investing/stock/kndi
GCI,https://www.marketwatch.com/investing/stock/gci
WPG,https://www.marketwatch.com/investing/stock/wpg
RESI,https://www.marketwatch.com/investing/stock/resi
KOS,https://www.marketwatch.com/investing/stock/kos
RIOT,https://www.marketwatch.com/investing/stock/riot
UMC,https://www.marketwatch.com/investing/stock/umc
YJ,https://www.marketwatch.com/investing/stock/yj
DADA,https://www.marketwatch.com/investing/stock/dada
WTI,https://www.marketwatch.com/investing/stock/wti
BE,https://www.marketwatch.com/investing/stock/be
CAN,https://www.marketwatch.com/investing/stock/can
WLL,https://www.marketwatch.com/investing/stock/wll
NNOX,https://www.marketwatch.com/investing/stock/nnox
QEP,https://www.marketwatch.com/investing/stock/qep
VFF,https://www.marketwatch.com/investing/stock/vff
BTU,https://www.marketwatch.com/investing/stock/btu
NNDM,https://www.marketwatch.com/investing/stock/nndm
OXY,https://www.marketwatch.com/investing/stock/oxy
EPR,https://www.marketwatch.com/investing/stock/epr
PLTR,https://www.marketwatch.com/investing/stock/pltr
UXIN,https://www.marketwatch.com/investing/stock/uxin
NEX,https://www.marketwatch.com/investing/stock/nex
DBVT,https://www.marketwatch.com/investing/stock/dbvt
PLG,https://www.marketwatch.com/investing/stock/plg
PEIX,https://www.marketwatch.com/investing/stock/peix
M,https://www.marketwatch.com/investing/stock/m
MESO,https://www.marketwatch.com/investing/stock/meso
HLX,https://www.marketwatch.com/investing/stock/hlx
LI,https://www.marketwatch.com/investing/stock/li
EH,https://www.marketwatch.com/investing/stock/eh
SDC,https://www.marketwatch.com/investing/stock/sdc
HP,https://www.marketwatch.com/investing/stock/hp
